person1,person2,time
XXXXXXXXXXXXXXX0,XXXXXXXXXXXXXXX4,2021-06-29 13:18:00
XXXXXXXXXXXXXXX1,XXXXXXXXXXXXXX10,2021-06-07 16:43:00
XXXXXXXXXXXXXXX2,XXXXXXXXXXXXXXX3,2021-06-11 05:36:00
XXXXXXXXXXXXXXX2,XXXXXXXXXXXXXXX3,2021-06-12 20:57:00
XXXXXXXXXXXXXXX2,XXXXXXXXXXXXXX14,2021-05-06 16:22:00
XXXXXXXXXXXXXXX3,XXXXXXXXXXXXXX28,2021-05-04 06:18:00
XXXXXXXXXXXXXXX3,XXXXXXXXXXXXXX28,2021-05-17 09:06:00
XXXXXXXXXXXXXXX6,XXXXXXXXXXXXXXX9,2021-06-27 16:50:00
XXXXXXXXXXXXXXX6,XXXXXXXXXXXXXX14,2021-06-15 04:27:00
XXXXXXXXXXXXXXX6,XXXXXXXXXXXXXX14,2021-06-07 14:36:00
XXXXXXXXXXXXXXX9,XXXXXXXXXXXXXX10,2021-06-17 10:25:00
XXXXXXXXXXXXXXX9,XXXXXXXXXXXXXX10,2021-06-06 05:36:00
XXXXXXXXXXXXXX15,XXXXXXXXXXXXXX17,2021-06-28 08:23:00
XXXXXXXXXXXXXX17,XXXXXXXXXXXXXX27,2021-05-17 05:02:00
XXXXXXXXXXXXXX17,XXXXXXXXXXXXXX27,2021-05-18 22:18:00
